<?xml version="1.0" encoding="UTF-8"?>
<!DOCTYPE configuration PUBLIC "-//mybatis.org//DTD Config 3.0//EN"
"http://mybatis.org/dtd/mybatis-3-config.dtd">
<!-- mybatis 기본??으로 입력해야 하는 내용? -->
<configuration>
	<typeAliases>        <!-- 별칭 -->          <!-- 주소 -->
		<typeAlias alias="member" type="com.ch.ch.model.Member" />
		<typeAlias alias="movie" type="com.ch.ch.model.Movie" />
		<typeAlias alias="rv" type="com.ch.ch.model.Review" />
		<typeAlias alias="store" type="com.ch.ch.model.Store" />
		<typeAlias alias="theater" type="com.ch.ch.model.Theater" />
		<typeAlias alias="ticket" type="com.ch.ch.model.Ticket" />
		<typeAlias alias="screen" type="com.ch.ch.model.Screen" />
	</typeAliases>
	<mappers>   <!-- 어디로 연결할지 --> 
		<mapper resource="member.xml" />
		<mapper resource="movie.xml" />
		<mapper resource="rv.xml" />
		<mapper resource="store.xml" />
		<mapper resource="theater.xml"/>
		<mapper resource="ticket.xml" />
		<mapper resource="screen.xml" />
	</mappers>
</configuration>